node,community,cent_degree,cent_betweenness,cent_closeness,cent_pagerank
S_0,0,0.026,0.0014,0.0348,0.0008
S_1,1,0.022,0.0001,0.0509,0.0007
S_10,2,0.0227,0.0014,0.0426,0.0007
S_100,1,0.024,0.0002,0.0527,0.0007
S_1000,3,0.0227,0.0023,0.0501,0.0007
S_1001,4,0.0207,0.0068,0.0676,0.0006
S_1002,5,0.0193,0.0007,0.05,0.0006
S_1003,4,0.0207,0.0004,0.0684,0.0006
S_1004,4,0.0233,0.0003,0.0655,0.0007
S_1005,6,0.0274,0.0034,0.0695,0.0008
S_1006,3,0.02,0.0009,0.0565,0.0006
S_1007,3,0.018,0.0007,0.0529,0.0006
S_1008,7,0.0193,0.0009,0.0437,0.0006
S_1009,8,0.018,0.0199,0.079,0.0006
S_101,0,0.0227,0.0,0.0316,0.0007
S_1010,4,0.0193,0.0063,0.0676,0.0006
S_1011,6,0.0247,0.0004,0.0628,0.0007
S_1012,9,0.0213,0.0008,0.0449,0.0007
S_1013,8,0.02,0.0123,0.074,0.0006
S_1014,9,0.0254,0.0025,0.0382,0.0008
S_1015,3,0.0227,0.0005,0.0501,0.0007
S_1016,8,0.0187,0.0016,0.0784,0.0006
S_1017,10,0.0213,0.0111,0.0639,0.0007
S_1018,3,0.024,0.0003,0.0501,0.0007
S_1019,8,0.0213,0.0008,0.0761,0.0007
S_102,1,0.022,0.0001,0.054,0.0007
S_1020,8,0.022,0.0007,0.0755,0.0007
S_1021,6,0.0227,0.0004,0.0704,0.0007
S_1022,11,0.018,0.0204,0.0793,0.0006
S_1023,4,0.022,0.001,0.0691,0.0007
S_1024,11,0.0207,0.0288,0.0797,0.0007
S_1025,6,0.022,0.0021,0.0686,0.0007
S_1026,3,0.02,0.0003,0.0528,0.0006
S_1027,3,0.026,0.0003,0.0556,0.0008
S_1028,4,0.0227,0.0005,0.0655,0.0007
S_1029,8,0.024,0.0011,0.0737,0.0007
S_103,0,0.018,0.0,0.0293,0.0006
S_1030,11,0.022,0.0044,0.0767,0.0007
S_1031,10,0.0233,0.0003,0.0618,0.0007
S_1032,10,0.0274,0.0005,0.0621,0.0008
S_1033,7,0.018,0.0002,0.0403,0.0006
S_1034,9,0.018,0.0008,0.0449,0.0006
S_1035,7,0.018,0.0,0.0363,0.0006
S_1036,11,0.018,0.0131,0.0794,0.0006
S_1037,8,0.0267,0.0006,0.0758,0.0008
S_1038,4,0.0207,0.0089,0.0723,0.0006
S_1039,11,0.0187,0.0029,0.0787,0.0006
S_104,1,0.0207,0.0012,0.0542,0.0006
S_1040,7,0.0207,0.0,0.0363,0.0006
S_1041,5,0.0207,0.0001,0.0527,0.0007
S_1042,11,0.0213,0.0015,0.0718,0.0007
S_1043,5,0.0213,0.0019,0.0531,0.0007
S_1044,11,0.0233,0.0002,0.0747,0.0007
S_1045,9,0.0187,0.0021,0.0449,0.0006
S_1046,9,0.022,0.0039,0.0475,0.0007
S_1047,8,0.018,0.0469,0.079,0.0006
S_1048,6,0.0207,0.0012,0.0694,0.0006
S_1049,3,0.0193,0.0005,0.0529,0.0006
S_105,12,0.0207,0.0003,0.0536,0.0006
S_1050,7,0.026,0.0073,0.0426,0.0008
S_1051,11,0.0213,0.0001,0.0705,0.0006
S_1052,9,0.0207,0.0007,0.0449,0.0007
S_1053,4,0.0187,0.0478,0.0678,0.0006
S_1054,4,0.0213,0.0002,0.0661,0.0007
S_1055,11,0.0213,0.0026,0.0767,0.0007
S_1056,11,0.024,0.0005,0.0778,0.0007
S_1057,9,0.02,0.0003,0.0382,0.0006
S_1058,8,0.0213,0.0003,0.0705,0.0007
S_1059,3,0.022,0.0007,0.0594,0.0007
S_106,1,0.0213,0.0017,0.0567,0.0006
S_1060,3,0.0187,0.0008,0.053,0.0006
S_1061,3,0.0254,0.0007,0.0568,0.0008
S_1062,8,0.0193,0.0007,0.0738,0.0006
S_1063,11,0.0193,0.0001,0.0747,0.0006
S_1064,3,0.018,0.0011,0.0565,0.0006
S_1065,8,0.03,0.0009,0.0724,0.0009
S_1066,9,0.028,0.0005,0.038,0.0008
S_1067,4,0.0193,0.0004,0.07,0.0006
S_1068,8,0.026,0.0005,0.0724,0.0008
S_1069,8,0.0274,0.0008,0.0759,0.0008
S_107,2,0.02,0.001,0.0503,0.0006
S_1070,9,0.0187,0.0002,0.0425,0.0006
S_1071,5,0.0247,0.0011,0.0488,0.0008
S_1072,3,0.024,0.0008,0.053,0.0007
S_1073,11,0.0227,0.0002,0.073,0.0007
S_1074,10,0.026,0.0006,0.0573,0.0008
S_1075,5,0.0207,0.0006,0.0487,0.0006
S_1076,3,0.018,0.0051,0.0572,0.0006
S_1077,4,0.0193,0.0204,0.0748,0.0006
S_1078,6,0.022,0.0083,0.0689,0.0007
S_1079,4,0.0227,0.0008,0.0672,0.0007
S_108,2,0.0207,0.0002,0.0497,0.0006
S_1080,3,0.018,0.0005,0.0559,0.0006
S_1081,8,0.0267,0.0008,0.0759,0.0008
S_1082,9,0.0193,0.0,0.0363,0.0006
S_1083,6,0.0254,0.0022,0.069,0.0008
S_1084,9,0.0193,0.0,0.0363,0.0006
S_1085,4,0.0193,0.0004,0.07,0.0006
S_1086,9,0.0227,0.0,0.0364,0.0007
S_1087,4,0.0207,0.0054,0.0703,0.0006
S_1088,4,0.0233,0.0006,0.0714,0.0007
S_1089,3,0.0254,0.0002,0.0557,0.0008
S_109,2,0.0254,0.0008,0.0462,0.0008
S_1090,6,0.018,0.0005,0.0675,0.0006
S_1091,10,0.022,0.002,0.0606,0.0007
S_1092,8,0.0213,0.0002,0.0735,0.0007
S_1093,10,0.0227,0.0003,0.0573,0.0007
S_1094,11,0.0227,0.0009,0.0765,0.0007
S_1095,4,0.0213,0.0001,0.0671,0.0007
S_1096,3,0.0294,0.0015,0.0559,0.0009
S_1097,3,0.02,0.0007,0.054,0.0006
S_1098,4,0.02,0.0004,0.0645,0.0006
S_1099,6,0.02,0.0005,0.0598,0.0006
S_11,13,0.026,0.0007,0.0321,0.0008
S_110,2,0.022,0.0002,0.0461,0.0007
S_1100,6,0.0193,0.0268,0.0717,0.0006
S_1101,9,0.0213,0.0,0.0363,0.0007
S_1102,8,0.0213,0.0008,0.0761,0.0007
S_1103,6,0.0233,0.0004,0.0599,0.0007
S_1104,10,0.0233,0.0016,0.0561,0.0007
S_1105,8,0.0213,0.0114,0.0739,0.0007
S_1106,7,0.0207,0.0031,0.0437,0.0007
S_1107,11,0.02,0.0004,0.0772,0.0006
S_1108,3,0.018,0.0084,0.0595,0.0006
S_1109,8,0.0207,0.0001,0.0758,0.0006
S_111,0,0.0233,0.0,0.0317,0.0007
S_1110,10,0.0227,0.0003,0.0631,0.0007
S_1111,4,0.02,0.0003,0.0672,0.0006
S_1112,4,0.024,0.0007,0.0707,0.0007
S_1113,7,0.0213,0.0,0.0363,0.0006
S_1114,6,0.0207,0.005,0.0596,0.0007
S_1115,11,0.0213,0.0008,0.0764,0.0007
S_1116,8,0.0227,0.0002,0.0725,0.0007
S_1117,4,0.0193,0.0004,0.07,0.0006
S_1118,7,0.024,0.0,0.0372,0.0007
S_1119,3,0.0187,0.0002,0.0529,0.0006
S_112,1,0.0193,0.0068,0.0556,0.0006
S_1120,7,0.02,0.0,0.0363,0.0006
S_1121,6,0.0207,0.0009,0.0694,0.0006
S_1122,3,0.0233,0.0013,0.0502,0.0007
S_1123,10,0.02,0.0123,0.0648,0.0006
S_1124,6,0.0213,0.0034,0.0636,0.0007
S_1125,10,0.018,0.0016,0.056,0.0006
S_1126,11,0.0187,0.0226,0.0784,0.0006
S_1127,11,0.024,0.0006,0.0749,0.0007
S_1128,5,0.0227,0.0017,0.05,0.0007
S_1129,5,0.02,0.0001,0.0527,0.0006
S_113,12,0.018,0.0173,0.0545,0.0006
S_1130,6,0.018,0.0036,0.0654,0.0006
S_1131,3,0.018,0.0005,0.0529,0.0006
S_1132,11,0.0207,0.0003,0.0715,0.0006
S_1133,6,0.018,0.0005,0.0597,0.0006
S_1134,3,0.0213,0.0003,0.0568,0.0007
S_1135,8,0.018,0.0008,0.0763,0.0006
S_1136,11,0.0233,0.0004,0.0778,0.0007
S_1137,8,0.0193,0.0024,0.0739,0.0006
S_1138,10,0.0267,0.0007,0.0573,0.0008
S_1139,9,0.0213,0.0011,0.0383,0.0007
S_114,12,0.0187,0.0009,0.0494,0.0006
S_1140,8,0.0207,0.0002,0.0758,0.0006
S_1141,7,0.02,0.0003,0.0414,0.0006
S_1142,7,0.0207,0.0005,0.0448,0.0007
S_1143,7,0.0254,0.0001,0.0373,0.0007
S_1144,8,0.018,0.0013,0.0784,0.0006
S_1145,11,0.018,0.0007,0.0735,0.0006
S_1146,11,0.0227,0.0012,0.073,0.0007
S_1147,9,0.024,0.0016,0.0382,0.0007
S_1148,3,0.018,0.0331,0.0531,0.0006
S_1149,6,0.02,0.0028,0.0625,0.0006
S_115,0,0.0254,0.0001,0.0318,0.0007
S_1150,6,0.018,0.01,0.0715,0.0006
S_1151,3,0.0267,0.0004,0.05,0.0008
S_1152,4,0.018,0.0037,0.0746,0.0006
S_1153,6,0.018,0.0023,0.0601,0.0006
S_1154,8,0.0227,0.0003,0.0724,0.0007
S_1155,5,0.0227,0.0003,0.0529,0.0007
S_1156,10,0.0233,0.0001,0.0615,0.0007
S_1157,11,0.0233,0.0005,0.0748,0.0007
S_1158,8,0.026,0.0005,0.0722,0.0008
S_1159,3,0.0207,0.001,0.0589,0.0006
S_116,0,0.0227,0.0,0.0316,0.0007
S_1160,5,0.0254,0.0046,0.0488,0.0008
S_1161,8,0.0267,0.0005,0.0722,0.0008
S_1162,11,0.0233,0.0003,0.0715,0.0007
S_1163,3,0.0213,0.0001,0.0499,0.0007
S_1164,3,0.022,0.0013,0.0529,0.0007
S_1165,4,0.0187,0.0178,0.0752,0.0006
S_1166,11,0.0213,0.001,0.0758,0.0006
S_1167,11,0.0193,0.0139,0.0794,0.0006
S_1168,4,0.0213,0.0002,0.0671,0.0007
S_1169,6,0.0227,0.0002,0.0648,0.0007
S_117,2,0.0233,0.0016,0.0423,0.0007
S_1170,7,0.0247,0.0,0.0372,0.0007
S_1171,11,0.0207,0.0224,0.0797,0.0007
S_1172,11,0.018,0.0042,0.0788,0.0006
S_1173,6,0.0267,0.0072,0.0667,0.0008
S_1174,6,0.0233,0.0003,0.0654,0.0007
S_1175,11,0.022,0.0023,0.0791,0.0007
S_1176,6,0.02,0.0114,0.0688,0.0006
S_1177,6,0.0213,0.0016,0.0694,0.0007
S_1178,4,0.02,0.0031,0.0748,0.0006
S_1179,8,0.0254,0.0004,0.0757,0.0008
S_118,1,0.018,0.0015,0.0545,0.0006
S_1180,5,0.0227,0.0004,0.0473,0.0007
S_1181,4,0.022,0.003,0.0678,0.0007
S_1182,3,0.022,0.0006,0.0568,0.0007
S_1183,11,0.0213,0.0006,0.0724,0.0007
S_1184,6,0.0193,0.0069,0.0595,0.0006
S_1185,8,0.0187,0.0294,0.0779,0.0006
S_1186,6,0.0193,0.0046,0.0636,0.0006
S_1187,9,0.0193,0.0004,0.0474,0.0006
S_1188,6,0.024,0.0003,0.0679,0.0007
S_1189,11,0.0207,0.0004,0.0716,0.0006
S_119,1,0.0247,0.0007,0.055,0.0008
S_1190,7,0.0193,0.0007,0.0437,0.0006
S_1191,6,0.0247,0.0004,0.0654,0.0007
S_1192,3,0.0207,0.0007,0.0529,0.0007
S_1193,4,0.0213,0.0001,0.0692,0.0007
S_1194,11,0.026,0.0019,0.0772,0.0008
S_1195,10,0.018,0.0078,0.056,0.0006
S_1196,4,0.0247,0.0008,0.0713,0.0008
S_1197,3,0.0213,0.0004,0.0501,0.0007
S_1198,10,0.022,0.0002,0.0571,0.0007
S_1199,8,0.018,0.047,0.0741,0.0006
S_12,1,0.0187,0.0009,0.0574,0.0006
S_120,12,0.0207,0.0006,0.0425,0.0007
S_1200,6,0.0207,0.0003,0.0699,0.0006
S_1201,11,0.018,0.1065,0.0795,0.0006
S_1202,10,0.0207,0.0002,0.063,0.0006
S_1203,9,0.0227,0.0005,0.0426,0.0007
S_1204,10,0.0233,0.0003,0.0618,0.0007
S_1205,4,0.0193,0.0051,0.0721,0.0006
S_1206,8,0.018,0.003,0.0786,0.0006
S_1207,5,0.018,0.0329,0.0475,0.0006
S_1208,7,0.018,0.0002,0.0403,0.0006
S_1209,11,0.0227,0.0077,0.0764,0.0007
S_121,2,0.0233,0.0002,0.0491,0.0007
S_1210,4,0.0233,0.0005,0.0713,0.0007
S_1211,4,0.0233,0.0002,0.0676,0.0007
S_1212,8,0.0227,0.0003,0.0753,0.0007
S_1213,8,0.0187,0.006,0.0743,0.0006
S_1214,3,0.0207,0.0004,0.0528,0.0007
S_1215,8,0.0187,0.0036,0.0785,0.0006
S_1216,8,0.0233,0.0002,0.0746,0.0007
S_1217,6,0.0207,0.0001,0.0626,0.0006
S_1218,7,0.0227,0.0007,0.0382,0.0007
S_1219,11,0.0247,0.0004,0.0742,0.0008
S_122,12,0.0227,0.0021,0.0423,0.0007
S_1220,3,0.02,0.0005,0.054,0.0006
S_1221,8,0.0187,0.029,0.0779,0.0006
S_1222,6,0.018,0.0012,0.0624,0.0006
S_1223,11,0.0254,0.0012,0.0763,0.0008
S_1224,7,0.0227,0.0034,0.0414,0.0007
S_1225,4,0.0193,0.0256,0.0707,0.0006
S_1226,5,0.0213,0.0032,0.0531,0.0007
S_1227,11,0.02,0.0007,0.0756,0.0006
S_1228,9,0.0213,0.0145,0.0423,0.0007
S_1229,3,0.018,0.0051,0.053,0.0006
S_123,12,0.024,0.0004,0.0459,0.0008
S_1230,7,0.02,0.0008,0.0437,0.0006
S_1231,6,0.0193,0.0002,0.0675,0.0006
S_1232,11,0.018,0.0007,0.0735,0.0006
S_1233,3,0.02,0.0218,0.0502,0.0006
S_1234,8,0.0193,0.0032,0.0762,0.0006
S_1235,10,0.02,0.009,0.0641,0.0006
S_1236,11,0.022,0.0009,0.0769,0.0007
S_1237,4,0.022,0.0002,0.0693,0.0007
S_1238,10,0.018,0.0016,0.056,0.0006
S_1239,7,0.02,0.0018,0.0414,0.0006
S_124,12,0.0187,0.0023,0.0521,0.0006
S_1240,11,0.0207,0.0009,0.0716,0.0006
S_1241,4,0.022,0.0006,0.0652,0.0007
S_1242,8,0.0187,0.0294,0.0779,0.0006
S_1243,11,0.022,0.0001,0.0746,0.0007
S_1244,8,0.018,0.0683,0.0716,0.0006
S_1245,7,0.0227,0.0017,0.0425,0.0007
S_1246,9,0.0187,0.0043,0.0425,0.0006
S_1247,6,0.02,0.0008,0.0649,0.0006
S_1248,5,0.022,0.0003,0.0529,0.0007
S_1249,10,0.0207,0.0,0.0597,0.0006
S_125,0,0.022,0.0013,0.0349,0.0007
S_1250,5,0.0233,0.001,0.0515,0.0007
S_1251,11,0.022,0.0004,0.0772,0.0007
S_1252,9,0.022,0.0057,0.0403,0.0007
S_1253,8,0.0207,0.0006,0.0755,0.0006
S_1254,9,0.0233,0.0002,0.0425,0.0008
S_1255,3,0.02,0.0002,0.05,0.0006
S_1256,3,0.0213,0.0004,0.054,0.0007
S_1257,11,0.0193,0.0076,0.0788,0.0006
S_1258,3,0.0193,0.0077,0.0592,0.0006
S_1259,11,0.0193,0.0019,0.0752,0.0006
S_126,2,0.02,0.0002,0.0389,0.0007
S_1260,3,0.0193,0.0781,0.0596,0.0006
S_1261,11,0.0213,0.0015,0.0746,0.0007
S_1262,4,0.018,0.0071,0.0672,0.0006
S_1263,11,0.0213,0.0004,0.0772,0.0007
S_1264,9,0.018,0.0014,0.0424,0.0006
S_1265,8,0.02,0.0001,0.0758,0.0006
S_1266,8,0.018,0.0682,0.0762,0.0006
S_1267,3,0.018,0.0129,0.056,0.0006
S_1268,5,0.0207,0.0088,0.0488,0.0006
S_1269,9,0.018,0.0,0.0363,0.0006
S_127,2,0.018,0.0008,0.0459,0.0006
S_1270,9,0.022,0.0014,0.0448,0.0007
S_1271,7,0.018,0.0,0.0363,0.0006
S_1272,10,0.0227,0.0002,0.062,0.0007
S_1273,8,0.0233,0.0106,0.0792,0.0007
S_1274,5,0.022,0.0012,0.05,0.0007
S_1275,9,0.018,0.0009,0.0425,0.0006
S_1276,8,0.022,0.0002,0.0746,0.0007
S_1277,7,0.0227,0.0005,0.0392,0.0007
S_1278,4,0.022,0.0003,0.0713,0.0007
S_1279,9,0.02,0.0,0.0363,0.0006
S_128,1,0.0187,0.0002,0.0561,0.0006
S_1280,8,0.0207,0.0004,0.0722,0.0006
S_1281,11,0.0187,0.0088,0.0794,0.0006
S_1282,7,0.0213,0.0,0.0363,0.0006
S_1283,4,0.0227,0.0005,0.0709,0.0007
S_1284,5,0.0187,0.0008,0.0501,0.0006
S_1285,7,0.02,0.0015,0.0437,0.0007
S_1286,4,0.0213,0.0003,0.0712,0.0007
S_1287,8,0.0247,0.0006,0.0758,0.0007
S_1288,8,0.0193,0.0111,0.0738,0.0006
S_1289,8,0.0233,0.0002,0.0745,0.0007
S_129,13,0.0207,0.0,0.0293,0.0006
S_1290,9,0.0187,0.0016,0.0425,0.0006
S_1291,6,0.018,0.0002,0.0626,0.0006
S_1292,10,0.022,0.0007,0.0602,0.0007
S_1293,8,0.0207,0.0019,0.0752,0.0006
S_1294,8,0.0227,0.0002,0.0718,0.0007
S_1295,6,0.0233,0.0004,0.0599,0.0007
S_1296,5,0.018,0.0017,0.0542,0.0006
S_1297,4,0.0187,0.0787,0.0703,0.0006
S_1298,4,0.022,0.0007,0.0705,0.0007
S_1299,9,0.0187,0.0007,0.0401,0.0006
S_13,12,0.0187,0.0235,0.0582,0.0006
S_130,1,0.018,0.0007,0.0523,0.0006
S_1300,5,0.0213,0.0031,0.0531,0.0007
S_1301,8,0.024,0.0006,0.077,0.0007
S_1302,8,0.0207,0.0019,0.0752,0.0006
S_1303,9,0.024,0.0001,0.038,0.0007
S_1304,10,0.018,0.0078,0.056,0.0006
S_1305,8,0.02,0.0246,0.0763,0.0006
S_1306,6,0.0207,0.001,0.0619,0.0006
S_1307,6,0.0187,0.0046,0.0636,0.0006
S_1308,11,0.0187,0.0113,0.0794,0.0006
S_1309,10,0.022,0.0002,0.0618,0.0007
S_131,13,0.0274,0.0002,0.0316,0.0008
S_1310,6,0.0187,0.0015,0.0664,0.0006
S_1311,9,0.0227,0.0037,0.0449,0.0007
S_1312,11,0.0187,0.016,0.0794,0.0006
S_1313,4,0.02,0.0028,0.0747,0.0006
S_1314,4,0.0213,0.0003,0.0708,0.0007
S_1315,3,0.024,0.0005,0.0475,0.0007
S_1316,11,0.022,0.0025,0.0779,0.0007
S_1317,5,0.0227,0.0003,0.0529,0.0007
S_1318,7,0.0187,0.0012,0.0437,0.0006
S_1319,11,0.0193,0.0002,0.073,0.0006
S_132,1,0.018,0.0274,0.0607,0.0006
S_1320,8,0.0227,0.0014,0.0772,0.0007
S_1321,11,0.0187,0.0222,0.079,0.0006
S_1322,11,0.018,0.0119,0.0785,0.0006
S_1323,3,0.0233,0.0005,0.0529,0.0007
S_1324,8,0.0227,0.0003,0.0697,0.0007
S_1325,9,0.026,0.0019,0.0382,0.0008
S_1326,10,0.0187,0.0079,0.0637,0.0006
S_1327,11,0.0193,0.0001,0.0746,0.0006
S_1328,5,0.0233,0.0009,0.0474,0.0007
S_1329,3,0.0187,0.0015,0.0589,0.0006
S_133,2,0.018,0.0001,0.0383,0.0006
S_1330,10,0.0187,0.0147,0.0583,0.0006
S_1331,11,0.024,0.0022,0.079,0.0007
S_1332,8,0.024,0.0006,0.077,0.0007
S_1333,11,0.0247,0.0009,0.0767,0.0008
S_1334,6,0.0227,0.0116,0.0715,0.0007
S_1335,9,0.0207,0.0004,0.0449,0.0007
S_1336,4,0.0213,0.0002,0.0686,0.0007
S_1337,10,0.024,0.0004,0.0621,0.0007
S_1338,5,0.0193,0.0013,0.0544,0.0006
S_1339,3,0.018,0.001,0.0501,0.0006
S_134,1,0.02,0.0002,0.056,0.0006
S_1340,7,0.0227,0.0061,0.0403,0.0007
S_1341,8,0.0207,0.0003,0.0725,0.0006
S_1342,10,0.018,0.0718,0.0672,0.0006
S_1343,4,0.018,0.0162,0.0734,0.0006
S_1344,7,0.018,0.005,0.0449,0.0006
S_1345,6,0.0274,0.0069,0.0659,0.0008
S_1346,11,0.02,0.0008,0.0763,0.0006
S_1347,10,0.0247,0.0005,0.059,0.0007
S_1348,5,0.02,0.0056,0.0502,0.0006
S_1349,10,0.0294,0.0005,0.0558,0.0009
S_135,1,0.0187,0.0001,0.0524,0.0006
S_1350,9,0.0213,0.0014,0.0425,0.0007
S_1351,4,0.018,0.0004,0.0691,0.0006
S_1352,3,0.0193,0.0009,0.0542,0.0006
S_1353,11,0.0187,0.0516,0.0793,0.0006
S_1354,11,0.0187,0.0226,0.0784,0.0006
S_1355,11,0.0254,0.0006,0.0737,0.0008
S_1356,4,0.0227,0.0031,0.0678,0.0007
S_1357,6,0.0233,0.0121,0.0716,0.0007
S_1358,9,0.018,0.0023,0.0423,0.0006
S_1359,11,0.0207,0.0194,0.077,0.0006
S_136,2,0.0233,0.0002,0.0462,0.0007
S_1360,7,0.024,0.0019,0.0392,0.0007
S_1361,6,0.024,0.0003,0.0679,0.0007
S_1362,8,0.0254,0.0006,0.0726,0.0008
S_1363,7,0.0213,0.0033,0.0403,0.0007
S_1364,9,0.03,0.0037,0.0382,0.0009
S_1365,4,0.0213,0.0001,0.0692,0.0007
S_1366,6,0.0207,0.0143,0.0688,0.0006
S_1367,10,0.0227,0.0003,0.0618,0.0007
S_1368,11,0.0247,0.0005,0.0737,0.0007
S_1369,8,0.0254,0.0005,0.0726,0.0008
S_137,12,0.0227,0.0004,0.05,0.0007
S_1370,9,0.02,0.0048,0.0402,0.0006
S_1371,8,0.018,0.012,0.0792,0.0006
S_1372,11,0.0233,0.0005,0.0748,0.0007
S_1373,9,0.0213,0.0,0.0363,0.0007
S_1374,7,0.0267,0.0007,0.0382,0.0008
S_1375,9,0.0193,0.002,0.0475,0.0006
S_1376,11,0.0267,0.0006,0.0762,0.0008
S_1377,11,0.018,0.0034,0.0788,0.0006
S_1378,11,0.018,0.0237,0.0793,0.0006
S_1379,7,0.0207,0.0011,0.0403,0.0007
S_138,12,0.0233,0.0016,0.0405,0.0007
S_1380,5,0.02,0.0008,0.0544,0.0006
S_1381,10,0.0207,0.0083,0.0592,0.0006
S_1382,7,0.0187,0.0006,0.0403,0.0006
S_1383,8,0.026,0.0006,0.0758,0.0008
S_1384,7,0.0227,0.0008,0.0392,0.0007
S_1385,8,0.0233,0.0005,0.0697,0.0007
S_1386,9,0.018,0.0,0.0363,0.0006
S_1387,3,0.0247,0.0013,0.0475,0.0008
S_1388,7,0.0187,0.0025,0.0425,0.0006
S_1389,11,0.02,0.0076,0.0788,0.0006
S_139,1,0.0193,0.0001,0.0533,0.0006
S_1390,3,0.0227,0.0012,0.0502,0.0007
S_1391,7,0.0213,0.0009,0.0425,0.0007
S_1392,9,0.0187,0.0044,0.0449,0.0006
S_1393,5,0.0207,0.0058,0.0502,0.0006
S_1394,4,0.0227,0.0011,0.0671,0.0007
S_1395,3,0.024,0.0031,0.0529,0.0007
S_1396,8,0.02,0.0034,0.0743,0.0006
S_1397,3,0.0233,0.0007,0.054,0.0007
S_1398,6,0.0213,0.003,0.0636,0.0007
S_1399,8,0.0187,0.0049,0.0772,0.0006
S_14,1,0.024,0.0001,0.0538,0.0007
S_140,12,0.022,0.0004,0.047,0.0007
S_1400,10,0.02,0.0001,0.0571,0.0006
S_1401,6,0.0247,0.0037,0.0637,0.0007
S_1402,3,0.026,0.0006,0.0573,0.0008
S_1403,7,0.018,0.007,0.0437,0.0006
S_1404,11,0.0193,0.037,0.076,0.0006
S_1405,7,0.018,0.0016,0.0437,0.0006
S_1406,8,0.0207,0.0003,0.0764,0.0006
S_1407,7,0.0193,0.0011,0.0449,0.0006
S_1408,5,0.018,0.0367,0.0546,0.0006
S_1409,8,0.02,0.0001,0.072,0.0006
S_141,12,0.022,0.0011,0.0495,0.0007
S_1410,5,0.0233,0.0009,0.0474,0.0007
S_1411,10,0.02,0.0002,0.0616,0.0006
S_1412,4,0.02,0.0009,0.0665,0.0006
S_1413,6,0.018,0.0004,0.0597,0.0006
S_1414,4,0.02,0.0006,0.0692,0.0006
S_1415,11,0.02,0.0003,0.0763,0.0006
S_1416,11,0.024,0.0003,0.0737,0.0007
S_1417,7,0.024,0.0013,0.0382,0.0007
S_1418,6,0.0207,0.0003,0.0598,0.0006
S_1419,6,0.0187,0.0053,0.0656,0.0006
S_142,13,0.0254,0.0007,0.0321,0.0008
S_1420,6,0.0187,0.0194,0.0743,0.0006
S_1421,8,0.0187,0.0006,0.0738,0.0006
S_1422,11,0.0233,0.0003,0.0731,0.0007
S_1423,5,0.024,0.001,0.0515,0.0007
S_1424,10,0.0187,0.0007,0.0572,0.0006
S_1425,4,0.0213,0.0001,0.0671,0.0007
S_1426,11,0.0207,0.001,0.0757,0.0006
S_1427,5,0.0233,0.0028,0.0462,0.0007
S_1428,8,0.02,0.0006,0.0726,0.0006
S_1429,6,0.0193,0.001,0.0693,0.0006
S_143,2,0.0193,0.0006,0.0427,0.0006
S_1430,8,0.0254,0.0006,0.0739,0.0008
S_1431,11,0.022,0.0004,0.0771,0.0007
S_1432,6,0.0247,0.0021,0.0715,0.0008
S_1433,4,0.0187,0.018,0.0752,0.0006
S_1434,7,0.02,0.001,0.0403,0.0006
S_1435,9,0.018,0.0,0.0363,0.0006
S_1436,11,0.022,0.0003,0.0729,0.0007
S_1437,11,0.0227,0.0148,0.0773,0.0007
S_1438,8,0.0247,0.0006,0.0739,0.0007
S_1439,11,0.026,0.0004,0.0716,0.0008
S_144,1,0.02,0.0007,0.0537,0.0006
S_1440,8,0.0213,0.0012,0.0753,0.0007
S_1441,11,0.0247,0.0005,0.0761,0.0008
S_1442,6,0.0247,0.0024,0.0625,0.0008
S_1443,4,0.0233,0.0003,0.0655,0.0007
S_1444,6,0.024,0.0011,0.0627,0.0007
S_1445,6,0.022,0.0075,0.0657,0.0007
S_1446,10,0.024,0.0077,0.0593,0.0007
S_1447,7,0.018,0.002,0.0392,0.0006
S_1448,8,0.0247,0.001,0.0703,0.0007
S_1449,5,0.0233,0.0004,0.0529,0.0007
S_145,1,0.024,0.0002,0.0523,0.0007
S_1450,9,0.022,0.001,0.0382,0.0007
S_1451,8,0.02,0.001,0.0731,0.0006
S_1452,4,0.0187,0.0178,0.0752,0.0006
S_1453,7,0.018,0.0,0.0363,0.0006
S_1454,10,0.0233,0.0004,0.0588,0.0007
S_1455,5,0.018,0.003,0.0545,0.0006
S_1456,11,0.018,0.0622,0.0769,0.0006
S_1457,11,0.02,0.0008,0.0758,0.0006
S_1458,7,0.0267,0.0007,0.0382,0.0008
S_1459,10,0.0233,0.0004,0.0632,0.0007
S_146,12,0.022,0.0001,0.0426,0.0007
S_1460,8,0.018,0.0371,0.079,0.0006
S_1461,11,0.0193,0.0141,0.0781,0.0006
S_1462,10,0.0187,0.0007,0.0572,0.0006
S_1463,8,0.026,0.0006,0.0757,0.0008
S_1464,4,0.018,0.0037,0.0746,0.0006
S_1465,3,0.0213,0.0003,0.0501,0.0007
S_1466,6,0.018,0.01,0.0715,0.0006
S_1467,6,0.024,0.0003,0.0599,0.0007
S_1468,7,0.026,0.0004,0.0382,0.0008
S_1469,10,0.018,0.0305,0.0648,0.0006
S_147,12,0.018,0.0003,0.0356,0.0006
S_1470,3,0.022,0.0003,0.0501,0.0007
S_1471,7,0.018,0.0,0.0363,0.0006
S_1472,9,0.024,0.0059,0.0447,0.0008
S_1473,9,0.0187,0.0016,0.0401,0.0006
S_1474,11,0.0233,0.0003,0.0741,0.0007
S_1475,10,0.0227,0.0007,0.0602,0.0007
S_1476,9,0.0193,0.0018,0.0473,0.0006
S_1477,3,0.018,0.0005,0.0567,0.0006
S_1478,6,0.024,0.0023,0.0715,0.0007
S_1479,6,0.028,0.0081,0.0658,0.0008
S_148,1,0.0254,0.0002,0.0536,0.0008
S_1480,6,0.0207,0.002,0.0654,0.0006
S_1481,8,0.02,0.001,0.0745,0.0006
S_1482,8,0.022,0.0002,0.0758,0.0007
S_1483,11,0.018,0.0048,0.0788,0.0006
S_1484,9,0.018,0.0047,0.0461,0.0006
S_1485,9,0.02,0.0004,0.0449,0.0007
S_1486,8,0.0207,0.0005,0.074,0.0006
S_1487,11,0.0233,0.0008,0.0732,0.0007
S_1488,11,0.024,0.002,0.0759,0.0007
S_1489,3,0.026,0.0007,0.0573,0.0008
S_149,1,0.0233,0.0018,0.0538,0.0007
S_1490,11,0.0213,0.0004,0.0767,0.0007
S_1491,10,0.02,0.0109,0.0641,0.0006
S_1492,6,0.0207,0.0003,0.0699,0.0006
S_1493,4,0.0254,0.0008,0.0708,0.0008
S_1494,3,0.018,0.0005,0.05,0.0006
S_1495,11,0.026,0.0008,0.0738,0.0008
S_1496,3,0.0207,0.0003,0.0558,0.0006
S_1497,7,0.0207,0.0031,0.0437,0.0007
S_1498,11,0.0227,0.0077,0.0764,0.0007
S_1499,6,0.0207,0.0178,0.0687,0.0006
S_15,1,0.022,0.0006,0.0531,0.0007
S_150,12,0.022,0.0011,0.0495,0.0007
S_151,2,0.0193,0.0005,0.0386,0.0006
S_152,0,0.022,0.0013,0.0349,0.0007
S_153,0,0.018,0.0,0.0293,0.0006
S_154,0,0.026,0.0001,0.032,0.0008
S_155,12,0.0233,0.0001,0.0503,0.0007
S_156,1,0.0193,0.0002,0.054,0.0006
S_157,1,0.0213,0.0003,0.0516,0.0007
S_158,1,0.02,0.0005,0.0516,0.0006
S_159,1,0.0227,0.0001,0.0525,0.0007
S_16,2,0.0187,0.0004,0.0501,0.0006
S_160,2,0.0227,0.0004,0.0465,0.0007
S_161,1,0.0233,0.0005,0.0555,0.0007
S_162,1,0.0233,0.0004,0.0549,0.0007
S_163,1,0.0193,0.0007,0.0575,0.0006
S_164,1,0.0247,0.0002,0.0528,0.0007
S_165,13,0.0247,0.0001,0.0314,0.0007
S_166,12,0.022,0.0004,0.05,0.0007
S_167,2,0.0193,0.0008,0.0495,0.0006
S_168,1,0.0227,0.0002,0.0545,0.0007
S_169,12,0.018,0.0001,0.0494,0.0006
S_17,12,0.022,0.0003,0.0524,0.0007
S_170,12,0.0187,0.0035,0.0538,0.0006
S_171,0,0.026,0.0002,0.0318,0.0008
S_172,13,0.0207,0.001,0.0345,0.0006
S_173,12,0.0213,0.0001,0.0458,0.0007
S_174,13,0.0207,0.0013,0.0345,0.0006
S_175,2,0.0207,0.0002,0.0389,0.0007
S_176,2,0.018,0.0029,0.0384,0.0006
S_177,1,0.02,0.0001,0.0524,0.0006
S_178,13,0.0267,0.0002,0.0316,0.0008
S_179,2,0.018,0.0004,0.0492,0.0006
S_18,13,0.0227,0.0012,0.0345,0.0007
S_180,12,0.0207,0.0001,0.0425,0.0007
S_181,12,0.0227,0.0002,0.05,0.0007
S_182,13,0.022,0.0001,0.0321,0.0007
S_183,2,0.02,0.0006,0.0498,0.0007
S_184,1,0.018,0.0004,0.0571,0.0006
S_185,1,0.02,0.0012,0.0541,0.0006
S_186,12,0.0187,0.001,0.0461,0.0006
S_187,12,0.0207,0.0004,0.0387,0.0007
S_188,2,0.018,0.0007,0.0492,0.0006
S_189,2,0.02,0.0004,0.0499,0.0007
S_19,2,0.0187,0.001,0.0535,0.0006
S_190,1,0.026,0.0006,0.0563,0.0008
S_191,1,0.0227,0.0004,0.0555,0.0007
S_192,2,0.0227,0.0012,0.0421,0.0007
S_193,13,0.018,0.0,0.0293,0.0006
S_194,12,0.0193,0.0007,0.038,0.0006
S_195,1,0.0274,0.0006,0.0525,0.0008
S_196,0,0.0267,0.0001,0.0321,0.0008
S_197,12,0.018,0.0009,0.0493,0.0006
S_198,13,0.0207,0.0,0.0293,0.0006
S_199,12,0.0187,0.0001,0.0422,0.0006
S_2,1,0.0267,0.0004,0.0539,0.0008
S_20,1,0.0213,0.0001,0.054,0.0007
S_200,12,0.0187,0.0001,0.0422,0.0006
S_201,13,0.022,0.0002,0.0325,0.0007
S_202,13,0.024,0.0,0.0314,0.0007
S_203,1,0.0254,0.0003,0.0547,0.0008
S_204,2,0.0207,0.0011,0.0423,0.0007
S_205,13,0.028,0.0008,0.0322,0.0008
S_206,1,0.0193,0.0005,0.0572,0.0006
S_207,1,0.0187,0.0002,0.0513,0.0006
S_208,2,0.02,0.0024,0.0507,0.0006
S_209,1,0.02,0.0005,0.0521,0.0006
S_21,0,0.026,0.0001,0.0321,0.0008
S_210,2,0.0213,0.0017,0.0537,0.0007
S_211,1,0.0207,0.0002,0.0524,0.0007
S_212,12,0.02,0.0003,0.0493,0.0006
S_213,1,0.0254,0.0002,0.0536,0.0008
S_214,13,0.0227,0.0,0.0297,0.0007
S_215,2,0.0187,0.0046,0.0464,0.0006
S_216,1,0.0254,0.0003,0.0557,0.0008
S_217,13,0.0193,0.0009,0.0346,0.0006
S_218,1,0.0274,0.0005,0.055,0.0008
S_219,2,0.022,0.0005,0.0422,0.0007
S_22,1,0.0233,0.0008,0.0543,0.0007
S_220,12,0.0193,0.0013,0.0461,0.0006
S_221,1,0.018,0.0015,0.0517,0.0006
S_222,12,0.022,0.0002,0.05,0.0007
S_223,2,0.0187,0.0004,0.0497,0.0006
S_224,2,0.0187,0.0127,0.0465,0.0006
S_225,1,0.0187,0.0013,0.0541,0.0006
S_226,1,0.018,0.0005,0.0537,0.0006
S_227,12,0.0187,0.0021,0.0533,0.0006
S_228,1,0.0193,0.0005,0.0544,0.0006
S_229,12,0.024,0.0009,0.0497,0.0008
S_23,12,0.0227,0.0003,0.0503,0.0007
S_230,2,0.0213,0.0005,0.0498,0.0007
S_231,2,0.018,0.0013,0.0535,0.0006
S_232,12,0.018,0.0008,0.0497,0.0006
S_233,12,0.018,0.0015,0.0457,0.0006
S_234,12,0.02,0.0002,0.0389,0.0007
S_235,12,0.0233,0.0008,0.0464,0.0007
S_236,0,0.0207,0.0,0.0314,0.0006
S_237,1,0.018,0.0002,0.0526,0.0006
S_238,1,0.0193,0.0341,0.0613,0.0006
S_239,1,0.018,0.0005,0.0573,0.0006
S_24,1,0.02,0.0011,0.0574,0.0006
S_240,1,0.0247,0.0003,0.0556,0.0008
S_241,12,0.018,0.0006,0.0353,0.0006
S_242,12,0.0213,0.0012,0.0532,0.0007
S_243,12,0.02,0.0009,0.0534,0.0006
S_244,1,0.0213,0.0005,0.0574,0.0007
S_245,1,0.024,0.0013,0.0567,0.0007
S_246,12,0.0247,0.0012,0.0456,0.0008
S_247,0,0.0213,0.0,0.0315,0.0006
S_248,2,0.018,0.0281,0.0553,0.0006
S_249,2,0.0207,0.0006,0.0499,0.0007
S_25,0,0.03,0.0009,0.0321,0.0009
S_250,2,0.018,0.0002,0.0432,0.0006
S_251,13,0.0207,0.0007,0.0346,0.0006
S_252,1,0.0254,0.0002,0.0527,0.0008
S_253,12,0.0187,0.008,0.048,0.0006
S_254,1,0.018,0.0021,0.0584,0.0006
S_255,1,0.02,0.0008,0.0565,0.0006
S_256,12,0.024,0.0004,0.0498,0.0008
S_257,1,0.02,0.0008,0.0565,0.0006
S_258,2,0.018,0.0005,0.0427,0.0006
S_259,12,0.0227,0.0001,0.0459,0.0007
S_26,12,0.026,0.0025,0.0427,0.0008
S_260,1,0.0213,0.0002,0.0541,0.0007
S_261,12,0.022,0.0025,0.0543,0.0007
S_262,2,0.0207,0.0001,0.049,0.0007
S_263,2,0.018,0.0001,0.046,0.0006
S_264,12,0.022,0.0002,0.0491,0.0007
S_265,12,0.026,0.0008,0.0532,0.0008
S_266,1,0.018,0.0004,0.0506,0.0006
S_267,2,0.02,0.0112,0.051,0.0006
S_268,2,0.0187,0.0001,0.0456,0.0006
S_269,2,0.0247,0.0004,0.0467,0.0008
S_27,2,0.0207,0.0003,0.0465,0.0006
S_270,12,0.0207,0.0007,0.0494,0.0007
S_271,12,0.0233,0.0003,0.0498,0.0007
S_272,1,0.022,0.0005,0.0574,0.0007
S_273,1,0.026,0.0003,0.0549,0.0008
S_274,1,0.0274,0.0003,0.053,0.0008
S_275,1,0.0247,0.0002,0.0545,0.0008
S_276,12,0.0187,0.0011,0.0511,0.0006
S_277,2,0.02,0.0001,0.0385,0.0007
S_278,0,0.0193,0.0,0.0293,0.0006
S_279,2,0.0207,0.0003,0.0492,0.0007
S_28,2,0.0247,0.0007,0.05,0.0008
S_280,2,0.022,0.0008,0.0502,0.0007
S_281,12,0.0193,0.0006,0.0498,0.0006
S_282,1,0.0233,0.0004,0.055,0.0007
S_283,0,0.02,0.0007,0.0348,0.0006
S_284,1,0.0233,0.0001,0.0509,0.0007
S_285,1,0.026,0.0003,0.0536,0.0008
S_286,1,0.0193,0.0005,0.0561,0.0006
S_287,12,0.0187,0.0021,0.0533,0.0006
S_288,0,0.028,0.0003,0.0318,0.0008
S_289,1,0.0227,0.0001,0.052,0.0007
S_29,12,0.018,0.0008,0.0356,0.0006
S_290,2,0.0207,0.0013,0.0461,0.0007
S_291,12,0.0187,0.0088,0.0419,0.0006
S_292,1,0.0227,0.0002,0.0535,0.0007
S_293,2,0.022,0.0006,0.0503,0.0007
S_294,12,0.018,0.0032,0.05,0.0006
S_295,12,0.02,0.0003,0.0386,0.0007
S_296,1,0.02,0.0003,0.054,0.0006
S_297,1,0.022,0.0004,0.0561,0.0007
S_298,12,0.0227,0.0004,0.0529,0.0007
S_299,1,0.026,0.0003,0.0549,0.0008
S_3,12,0.0187,0.0001,0.0469,0.0006
S_30,12,0.022,0.0002,0.0459,0.0007
S_300,2,0.02,0.0003,0.0519,0.0007
S_301,0,0.0227,0.0,0.0316,0.0007
S_302,2,0.022,0.004,0.0423,0.0007
S_303,0,0.0227,0.0004,0.0346,0.0007
S_304,12,0.0187,0.0103,0.0461,0.0006
S_305,0,0.0227,0.0,0.0316,0.0007
S_306,1,0.0227,0.0003,0.0548,0.0007
S_307,12,0.018,0.0004,0.0424,0.0006
S_308,12,0.0227,0.0003,0.0464,0.0007
S_309,12,0.0213,0.0003,0.047,0.0007
S_31,12,0.02,0.0124,0.0502,0.0006
S_310,12,0.018,0.0064,0.0442,0.0006
S_311,2,0.018,0.0007,0.046,0.0006
S_312,2,0.0193,0.0006,0.0502,0.0006
S_313,1,0.0254,0.0002,0.054,0.0008
S_314,12,0.018,0.0002,0.0497,0.0006
S_315,2,0.0227,0.002,0.0504,0.0007
S_316,2,0.0213,0.0004,0.0422,0.0007
S_317,12,0.02,0.0003,0.0386,0.0007
S_318,1,0.018,0.0005,0.0514,0.0006
S_319,2,0.024,0.0031,0.0423,0.0008
S_32,13,0.0254,0.0001,0.0314,0.0008
S_320,2,0.018,0.0006,0.0467,0.0006
S_321,0,0.0187,0.0004,0.0349,0.0006
S_322,1,0.0233,0.0002,0.054,0.0007
S_323,12,0.0193,0.0004,0.0498,0.0006
S_324,12,0.024,0.001,0.0425,0.0008
S_325,12,0.0193,0.0008,0.0494,0.0006
S_326,13,0.018,0.0,0.0293,0.0006
S_327,2,0.0187,0.0003,0.0421,0.0006
S_328,13,0.022,0.0002,0.0323,0.0007
S_329,2,0.0274,0.0002,0.0461,0.0008
S_33,2,0.02,0.0001,0.0388,0.0007
S_330,2,0.0213,0.0001,0.0385,0.0007
S_331,12,0.0193,0.0001,0.0425,0.0006
S_332,2,0.0233,0.0001,0.046,0.0007
S_333,1,0.0187,0.0005,0.0527,0.0006
S_334,12,0.026,0.0003,0.0523,0.0008
S_335,13,0.018,0.0,0.0293,0.0006
S_336,2,0.0207,0.0006,0.0498,0.0007
S_337,1,0.0247,0.0002,0.0535,0.0007
S_338,0,0.026,0.0002,0.0318,0.0008
S_339,0,0.018,0.0004,0.0351,0.0006
S_34,1,0.0227,0.0002,0.0554,0.0007
S_340,13,0.02,0.0036,0.0353,0.0006
S_341,1,0.0274,0.0003,0.0555,0.0008
S_342,12,0.0207,0.0017,0.0388,0.0007
S_343,2,0.0213,0.0001,0.0385,0.0007
S_344,1,0.024,0.0003,0.0562,0.0007
S_345,2,0.0274,0.0004,0.0464,0.0008
S_346,2,0.022,0.0018,0.0384,0.0007
S_347,12,0.022,0.0009,0.0427,0.0007
S_348,2,0.0227,0.0009,0.0421,0.0007
S_349,13,0.018,0.0,0.0293,0.0006
S_35,12,0.0207,0.0004,0.0387,0.0007
S_350,2,0.026,0.0004,0.0498,0.0008
S_351,1,0.018,0.0013,0.0543,0.0006
S_352,2,0.0207,0.0002,0.0389,0.0007
S_353,1,0.018,0.0004,0.0515,0.0006
S_354,0,0.018,0.0,0.0293,0.0006
S_355,13,0.018,0.0,0.0293,0.0006
S_356,2,0.0193,0.0004,0.0502,0.0006
S_357,2,0.0193,0.0002,0.046,0.0006
S_358,0,0.0193,0.0006,0.0349,0.0006
S_359,2,0.0267,0.0007,0.0494,0.0008
S_36,1,0.0247,0.0004,0.0548,0.0007
S_360,1,0.0247,0.0003,0.0555,0.0007
S_361,13,0.0274,0.0002,0.0316,0.0008
S_362,2,0.0254,0.0001,0.046,0.0008
S_363,12,0.02,0.0003,0.039,0.0007
S_364,12,0.018,0.0016,0.038,0.0006
S_365,2,0.018,0.0004,0.0502,0.0006
S_366,1,0.0254,0.0002,0.0545,0.0008
S_367,2,0.0187,0.0003,0.0384,0.0006
S_368,12,0.0267,0.002,0.0466,0.0008
S_369,2,0.0187,0.0009,0.0435,0.0006
S_37,2,0.02,0.0006,0.0536,0.0007
S_370,1,0.0193,0.0001,0.0533,0.0006
S_371,12,0.018,0.0004,0.0357,0.0006
S_372,12,0.0187,0.0011,0.0512,0.0006
S_373,1,0.0187,0.0001,0.0554,0.0006
S_374,12,0.0227,0.0009,0.0428,0.0007
S_375,12,0.0254,0.0024,0.0427,0.0008
S_376,12,0.018,0.0004,0.0357,0.0006
S_377,0,0.0193,0.0034,0.0383,0.0006
S_378,12,0.0213,0.0003,0.05,0.0007
S_379,1,0.0193,0.0022,0.0588,0.0006
S_38,13,0.0274,0.0002,0.0316,0.0008
S_380,13,0.0213,0.0008,0.0345,0.0007
S_381,2,0.0193,0.0003,0.0494,0.0006
S_382,13,0.018,0.0012,0.0353,0.0006
S_383,12,0.022,0.0003,0.0528,0.0007
S_384,12,0.018,0.0048,0.0512,0.0006
S_385,1,0.0227,0.0002,0.0545,0.0007
S_386,0,0.0267,0.0012,0.0347,0.0008
S_387,12,0.0187,0.0002,0.039,0.0006
S_388,12,0.02,0.0001,0.0425,0.0006
S_389,2,0.0187,0.0003,0.0466,0.0006
S_39,2,0.018,0.0004,0.0386,0.0006
S_390,13,0.028,0.0008,0.0322,0.0008
S_391,12,0.024,0.0008,0.0461,0.0008
S_392,0,0.018,0.0004,0.0349,0.0006
S_393,2,0.0187,0.0016,0.0463,0.0006
S_394,12,0.0233,0.0005,0.0537,0.0007
S_395,1,0.0274,0.0007,0.0563,0.0008
S_396,0,0.018,0.0,0.0293,0.0006
S_397,0,0.0247,0.0001,0.0318,0.0007
S_398,2,0.022,0.0003,0.0386,0.0007
S_399,13,0.022,0.0,0.0314,0.0007
S_4,1,0.0233,0.0005,0.0554,0.0007
S_40,1,0.026,0.0005,0.0546,0.0008
S_400,1,0.0187,0.0017,0.0566,0.0006
S_401,1,0.024,0.0002,0.0527,0.0007
S_402,13,0.018,0.0,0.0293,0.0006
S_403,12,0.0233,0.0003,0.0534,0.0007
S_404,12,0.0233,0.0005,0.0534,0.0007
S_405,0,0.0247,0.0001,0.0318,0.0007
S_406,2,0.02,0.0003,0.0427,0.0006
S_407,0,0.018,0.0,0.0293,0.0006
S_408,1,0.02,0.0004,0.0575,0.0006
S_409,1,0.02,0.0001,0.0524,0.0006
S_41,12,0.018,0.0001,0.0491,0.0006
S_410,1,0.0254,0.0003,0.0556,0.0008
S_411,13,0.0227,0.0002,0.0321,0.0007
S_412,1,0.026,0.0004,0.0558,0.0008
S_413,2,0.024,0.0002,0.0492,0.0008
S_414,1,0.0187,0.0347,0.059,0.0006
S_415,0,0.018,0.0,0.0293,0.0006
S_416,13,0.0254,0.0001,0.0315,0.0008
S_417,2,0.018,0.001,0.0534,0.0006
S_418,2,0.0187,0.0005,0.0463,0.0006
S_419,1,0.0207,0.0002,0.0534,0.0006
S_42,12,0.022,0.0001,0.0499,0.0007
S_420,2,0.022,0.0005,0.0422,0.0007
S_421,12,0.02,0.0003,0.0426,0.0006
S_422,2,0.018,0.0003,0.0385,0.0006
S_423,2,0.0213,0.0003,0.0421,0.0007
S_424,13,0.018,0.0,0.0293,0.0006
S_425,0,0.022,0.0,0.0316,0.0007
S_426,2,0.026,0.0006,0.0462,0.0008
S_427,12,0.0213,0.001,0.0391,0.0007
S_428,12,0.022,0.0004,0.0391,0.0007
S_429,2,0.022,0.0027,0.0384,0.0007
S_43,2,0.0207,0.0011,0.0384,0.0007
S_430,2,0.024,0.001,0.0461,0.0007
S_431,12,0.0227,0.0003,0.0464,0.0007
S_432,1,0.018,0.004,0.0552,0.0006
S_433,0,0.0233,0.0,0.0317,0.0007
S_434,1,0.0254,0.0005,0.0562,0.0007
S_435,0,0.0187,0.0005,0.0349,0.0006
S_436,1,0.018,0.0057,0.0543,0.0006
S_437,12,0.02,0.0001,0.0424,0.0006
S_438,12,0.022,0.0004,0.0391,0.0007
S_439,1,0.0233,0.0003,0.0546,0.0007
S_44,1,0.0207,0.0003,0.0529,0.0007
S_440,12,0.0187,0.006,0.038,0.0006
S_441,1,0.0193,0.0009,0.0574,0.0006
S_442,13,0.0207,0.0009,0.0346,0.0006
S_443,12,0.0207,0.0004,0.039,0.0007
S_444,1,0.0207,0.0002,0.0551,0.0006
S_445,12,0.022,0.0001,0.0496,0.0007
S_446,2,0.018,0.0029,0.0539,0.0006
S_447,12,0.0247,0.0002,0.0523,0.0007
S_448,0,0.0187,0.0022,0.0382,0.0006
S_449,1,0.018,0.001,0.0575,0.0006
S_45,2,0.0287,0.0005,0.0463,0.0009
S_450,2,0.018,0.0002,0.0493,0.0006
S_451,1,0.0247,0.0004,0.0562,0.0007
S_452,1,0.018,0.0309,0.0617,0.0006
S_453,1,0.0207,0.0004,0.0561,0.0006
S_454,13,0.022,0.0002,0.0325,0.0007
S_455,2,0.018,0.0001,0.0388,0.0006
S_456,0,0.0294,0.0004,0.0319,0.0008
S_457,1,0.0254,0.0002,0.053,0.0007
S_458,2,0.02,0.0097,0.051,0.0006
S_459,1,0.018,0.0032,0.0567,0.0006
S_46,2,0.0233,0.0001,0.0458,0.0007
S_460,1,0.026,0.0003,0.0547,0.0008
S_461,12,0.0207,0.0003,0.0391,0.0007
S_462,2,0.0187,0.0082,0.0422,0.0006
S_463,12,0.018,0.0013,0.0511,0.0006
S_464,8,0.026,0.0009,0.0745,0.0008
S_465,4,0.018,0.0178,0.0706,0.0006
S_466,11,0.0187,0.0226,0.0784,0.0006
S_467,3,0.0213,0.0002,0.05,0.0007
S_468,9,0.02,0.0034,0.0403,0.0007
S_469,3,0.022,0.0003,0.0528,0.0007
S_47,12,0.0213,0.0001,0.046,0.0007
S_470,6,0.0233,0.0008,0.0705,0.0007
S_471,4,0.02,0.0066,0.0676,0.0006
S_472,6,0.02,0.0008,0.0693,0.0006
S_473,9,0.0227,0.0,0.0364,0.0007
S_474,9,0.0187,0.0016,0.0425,0.0006
S_475,5,0.0187,0.0157,0.0546,0.0006
S_476,5,0.0247,0.0065,0.0488,0.0008
S_477,6,0.022,0.0002,0.0654,0.0007
S_478,5,0.024,0.0007,0.0501,0.0007
S_479,9,0.024,0.0059,0.0447,0.0008
S_48,13,0.018,0.0,0.0293,0.0006
S_480,4,0.022,0.0006,0.0685,0.0007
S_481,3,0.0207,0.0008,0.054,0.0006
S_482,8,0.02,0.0007,0.0721,0.0006
S_483,8,0.018,0.0016,0.0784,0.0006
S_484,4,0.0227,0.0008,0.0685,0.0007
S_485,9,0.0193,0.0001,0.0383,0.0006
S_486,6,0.0207,0.002,0.0654,0.0006
S_487,7,0.0207,0.0028,0.0414,0.0007
S_488,4,0.0187,0.0345,0.073,0.0006
S_489,7,0.0227,0.0,0.0372,0.0007
S_49,2,0.0207,0.0006,0.0536,0.0007
S_490,8,0.0193,0.0005,0.0777,0.0006
S_491,7,0.018,0.0,0.0363,0.0006
S_492,5,0.024,0.0063,0.0462,0.0007
S_493,3,0.0227,0.0023,0.0501,0.0007
S_494,5,0.022,0.0209,0.0516,0.0007
S_495,7,0.018,0.003,0.0437,0.0006
S_496,7,0.0254,0.0019,0.0382,0.0007
S_497,4,0.0187,0.0002,0.0691,0.0006
S_498,10,0.018,0.0004,0.0632,0.0006
S_499,11,0.0213,0.0023,0.0779,0.0007
S_5,12,0.022,0.0,0.0458,0.0007
S_50,12,0.018,0.002,0.0461,0.0006
S_500,8,0.0207,0.0007,0.0736,0.0006
S_501,4,0.0193,0.0013,0.0662,0.0006
S_502,11,0.024,0.0006,0.0772,0.0007
S_503,11,0.0213,0.0004,0.0767,0.0007
S_504,8,0.0207,0.0003,0.0755,0.0006
S_505,10,0.018,0.0004,0.0632,0.0006
S_506,11,0.018,0.0185,0.0794,0.0006
S_507,4,0.02,0.0011,0.0691,0.0006
S_508,11,0.024,0.0006,0.0749,0.0007
S_509,6,0.0187,0.0056,0.0655,0.0006
S_51,2,0.018,0.0001,0.0459,0.0006
S_510,5,0.0227,0.002,0.0488,0.0007
S_511,11,0.0213,0.0014,0.0718,0.0007
S_512,3,0.0233,0.0013,0.0502,0.0007
S_513,11,0.018,0.0048,0.0788,0.0006
S_514,7,0.026,0.0004,0.0382,0.0008
S_515,5,0.0193,0.0001,0.0513,0.0006
S_516,11,0.0254,0.0004,0.0716,0.0008
S_517,4,0.0187,0.0038,0.0693,0.0006
S_518,4,0.02,0.0019,0.0697,0.0006
S_519,10,0.0294,0.0007,0.0621,0.0009
S_52,2,0.02,0.0003,0.0427,0.0006
S_520,3,0.0193,0.0104,0.0487,0.0006
S_521,10,0.02,0.0002,0.0616,0.0006
S_522,4,0.018,0.0071,0.0672,0.0006
S_523,7,0.0187,0.0002,0.0436,0.0006
S_524,9,0.022,0.0055,0.0473,0.0007
S_525,8,0.0193,0.0111,0.0738,0.0006
S_526,6,0.018,0.0061,0.0595,0.0006
S_527,10,0.018,0.0416,0.0615,0.0006
S_528,11,0.0187,0.0516,0.0793,0.0006
S_529,9,0.0213,0.0022,0.0475,0.0007
S_53,2,0.0187,0.0004,0.0467,0.0006
S_530,6,0.018,0.0982,0.066,0.0006
S_531,8,0.0267,0.0005,0.0721,0.0008
S_532,10,0.0274,0.0012,0.0591,0.0008
S_533,5,0.0213,0.0002,0.0473,0.0007
S_534,9,0.02,0.0021,0.0404,0.0007
S_535,3,0.0187,0.0031,0.0559,0.0006
S_536,3,0.018,0.0005,0.0559,0.0006
S_537,10,0.024,0.0117,0.0639,0.0007
S_538,6,0.0227,0.0019,0.0649,0.0007
S_539,7,0.024,0.0023,0.0392,0.0007
S_54,0,0.022,0.0004,0.0348,0.0007
S_540,8,0.0227,0.002,0.0754,0.0007
S_541,5,0.0227,0.0012,0.0461,0.0007
S_542,10,0.0207,0.0023,0.0575,0.0006
S_543,10,0.02,0.0017,0.0561,0.0006
S_544,10,0.024,0.0057,0.0583,0.0007
S_545,8,0.02,0.0017,0.0774,0.0006
S_546,11,0.0247,0.0011,0.0763,0.0007
S_547,7,0.0227,0.0008,0.0392,0.0007
S_548,10,0.018,0.0,0.0555,0.0006
S_549,6,0.028,0.0054,0.0668,0.0008
S_55,0,0.022,0.0,0.0316,0.0007
S_550,7,0.0233,0.0011,0.0414,0.0007
S_551,4,0.02,0.0118,0.0748,0.0006
S_552,6,0.03,0.0034,0.0695,0.0009
S_553,8,0.0213,0.002,0.0724,0.0007
S_554,4,0.018,0.0096,0.0722,0.0006
S_555,3,0.0254,0.0003,0.0528,0.0008
S_556,3,0.0267,0.0005,0.0557,0.0008
S_557,9,0.018,0.0,0.0363,0.0006
S_558,11,0.0187,0.0004,0.0734,0.0006
S_559,8,0.0193,0.0004,0.0754,0.0006
S_56,12,0.0213,0.0026,0.0388,0.0007
S_560,6,0.0193,0.0046,0.0636,0.0006
S_561,7,0.026,0.0004,0.0382,0.0008
S_562,6,0.022,0.0004,0.0627,0.0007
S_563,8,0.02,0.0002,0.0707,0.0006
S_564,9,0.022,0.0005,0.0449,0.0007
S_565,4,0.02,0.0004,0.0645,0.0006
S_566,7,0.0213,0.0009,0.0425,0.0007
S_567,3,0.0213,0.0002,0.05,0.0007
S_568,6,0.0227,0.002,0.0624,0.0007
S_569,6,0.0254,0.0006,0.0705,0.0008
S_57,2,0.0287,0.0003,0.0463,0.0009
S_570,6,0.0213,0.0076,0.0659,0.0007
S_571,4,0.024,0.0011,0.0647,0.0007
S_572,6,0.0187,0.0054,0.0654,0.0006
S_573,5,0.0247,0.004,0.0531,0.0008
S_574,11,0.0193,0.0045,0.0788,0.0006
S_575,8,0.02,0.0002,0.0725,0.0006
S_576,8,0.0187,0.0319,0.0779,0.0006
S_577,10,0.0213,0.0008,0.0632,0.0007
S_578,11,0.026,0.0008,0.0749,0.0008
S_579,4,0.0254,0.0021,0.072,0.0008
S_58,0,0.0193,0.0007,0.0349,0.0006
S_580,7,0.0207,0.0022,0.0403,0.0007
S_581,3,0.024,0.0003,0.0569,0.0007
S_582,10,0.022,0.0003,0.0617,0.0007
S_583,10,0.0207,0.0001,0.0571,0.0006
S_584,11,0.026,0.0007,0.0738,0.0008
S_585,9,0.0193,0.0026,0.0403,0.0006
S_586,11,0.024,0.0006,0.0771,0.0007
S_587,11,0.0193,0.049,0.076,0.0006
S_588,8,0.02,0.009,0.0787,0.0006
S_589,10,0.02,0.0017,0.0561,0.0006
S_59,1,0.0247,0.0001,0.0523,0.0007
S_590,4,0.022,0.0006,0.0672,0.0007
S_591,3,0.0207,0.0002,0.05,0.0007
S_592,11,0.0247,0.0009,0.0731,0.0007
S_593,7,0.0267,0.0007,0.0382,0.0008
S_594,9,0.022,0.0,0.0364,0.0007
S_595,10,0.018,0.014,0.0646,0.0006
S_596,3,0.0187,0.0711,0.0563,0.0006
S_597,9,0.0233,0.0046,0.0448,0.0008
S_598,11,0.0213,0.0005,0.0742,0.0007
S_599,8,0.018,0.0002,0.0704,0.0006
S_6,1,0.026,0.0004,0.0524,0.0008
S_60,1,0.022,0.0005,0.0575,0.0007
S_600,8,0.022,0.0012,0.0741,0.0007
S_601,9,0.0233,0.0001,0.038,0.0007
S_602,3,0.0233,0.0027,0.0529,0.0007
S_603,11,0.022,0.0023,0.0791,0.0007
S_604,3,0.0187,0.0325,0.0531,0.0006
S_605,5,0.0213,0.0001,0.0473,0.0007
S_606,6,0.018,0.0001,0.0698,0.0006
S_607,6,0.018,0.004,0.0623,0.0006
S_608,6,0.0193,0.0326,0.069,0.0006
S_609,11,0.0267,0.0018,0.0725,0.0008
S_61,12,0.0207,0.0013,0.0462,0.0007
S_610,9,0.018,0.0022,0.0449,0.0006
S_611,8,0.0207,0.0005,0.074,0.0006
S_612,4,0.026,0.0005,0.0672,0.0008
S_613,5,0.02,0.0057,0.0502,0.0006
S_614,5,0.022,0.0003,0.0529,0.0007
S_615,9,0.0187,0.0028,0.0424,0.0006
S_616,4,0.02,0.0057,0.0722,0.0006
S_617,8,0.0227,0.002,0.0754,0.0007
S_618,3,0.0227,0.0029,0.0501,0.0007
S_619,3,0.0213,0.0004,0.05,0.0007
S_62,2,0.0207,0.0015,0.0384,0.0007
S_620,10,0.0193,0.0001,0.0571,0.0006
S_621,8,0.02,0.0003,0.0705,0.0006
S_622,11,0.026,0.0007,0.0773,0.0008
S_623,6,0.0247,0.0006,0.0682,0.0007
S_624,9,0.0193,0.0041,0.0403,0.0006
S_625,9,0.0207,0.0,0.0363,0.0006
S_626,11,0.024,0.0005,0.0744,0.0007
S_627,6,0.022,0.0015,0.0649,0.0007
S_628,3,0.0207,0.0039,0.05,0.0007
S_629,11,0.02,0.0022,0.0792,0.0006
S_63,2,0.0187,0.0001,0.0388,0.0006
S_630,9,0.018,0.0021,0.0425,0.0006
S_631,5,0.0193,0.0001,0.0513,0.0006
S_632,8,0.02,0.0009,0.0752,0.0006
S_633,11,0.02,0.0002,0.0765,0.0006
S_634,5,0.0187,0.0111,0.0516,0.0006
S_635,11,0.0213,0.0003,0.0768,0.0007
S_636,10,0.0193,0.0119,0.064,0.0006
S_637,6,0.0213,0.0022,0.0623,0.0007
S_638,6,0.0187,0.0382,0.0742,0.0006
S_639,4,0.0207,0.0001,0.0692,0.0006
S_64,0,0.0247,0.0001,0.0318,0.0007
S_640,11,0.022,0.0002,0.0715,0.0007
S_641,7,0.0213,0.0022,0.0425,0.0007
S_642,5,0.0233,0.0023,0.0462,0.0007
S_643,5,0.024,0.015,0.0531,0.0007
S_644,7,0.018,0.0003,0.0403,0.0006
S_645,11,0.024,0.0007,0.0745,0.0007
S_646,11,0.024,0.0007,0.0771,0.0007
S_647,11,0.0227,0.001,0.0774,0.0007
S_648,4,0.0207,0.0106,0.0673,0.0006
S_649,6,0.0233,0.0122,0.0716,0.0007
S_65,1,0.024,0.0001,0.0539,0.0007
S_650,5,0.018,0.0079,0.0488,0.0006
S_651,4,0.0254,0.0005,0.0685,0.0008
S_652,8,0.0254,0.0111,0.0793,0.0008
S_653,10,0.0207,0.01,0.0615,0.0006
S_654,4,0.03,0.0012,0.0674,0.0009
S_655,3,0.018,0.0103,0.0566,0.0006
S_656,6,0.02,0.0005,0.0649,0.0006
S_657,6,0.0193,0.033,0.069,0.0006
S_658,5,0.0254,0.0043,0.0532,0.0008
S_659,4,0.0227,0.0006,0.0685,0.0007
S_66,1,0.0187,0.001,0.0563,0.0006
S_660,8,0.02,0.0009,0.0731,0.0006
S_661,8,0.026,0.0007,0.0757,0.0008
S_662,11,0.0207,0.0007,0.0787,0.0006
S_663,5,0.0207,0.0025,0.0487,0.0006
S_664,7,0.0207,0.0009,0.0437,0.0007
S_665,4,0.02,0.001,0.0691,0.0006
S_666,8,0.0267,0.0005,0.0722,0.0008
S_667,11,0.0247,0.0007,0.0772,0.0008
S_668,6,0.0207,0.0011,0.0713,0.0006
S_669,11,0.0207,0.0089,0.0788,0.0007
S_67,2,0.0213,0.0004,0.0421,0.0007
S_670,8,0.026,0.0004,0.0721,0.0008
S_671,6,0.024,0.0004,0.0599,0.0007
S_672,6,0.0187,0.003,0.0624,0.0006
S_673,3,0.0274,0.0012,0.0573,0.0008
S_674,7,0.0227,0.0,0.0372,0.0007
S_675,3,0.0247,0.002,0.0559,0.0008
S_676,7,0.024,0.0029,0.0426,0.0008
S_677,7,0.018,0.0,0.0363,0.0006
S_678,3,0.0247,0.0048,0.056,0.0008
S_679,8,0.022,0.0004,0.0765,0.0007
S_68,0,0.0193,0.0009,0.0352,0.0006
S_680,11,0.0254,0.0016,0.0725,0.0008
S_681,8,0.018,0.0041,0.0753,0.0006
S_682,9,0.018,0.0041,0.0475,0.0006
S_683,9,0.0254,0.001,0.0382,0.0008
S_684,10,0.02,0.0017,0.0561,0.0006
S_685,11,0.024,0.0006,0.0745,0.0007
S_686,9,0.018,0.0009,0.0425,0.0006
S_687,8,0.024,0.0003,0.0737,0.0007
S_688,5,0.0233,0.0113,0.0516,0.0007
S_689,9,0.024,0.0001,0.038,0.0007
S_69,1,0.022,0.0004,0.0552,0.0007
S_690,8,0.022,0.0083,0.0787,0.0007
S_691,9,0.0207,0.0,0.0363,0.0006
S_692,7,0.0247,0.0016,0.0382,0.0007
S_693,7,0.0207,0.0022,0.0403,0.0007
S_694,4,0.0227,0.0011,0.0705,0.0007
S_695,9,0.018,0.0,0.0363,0.0006
S_696,9,0.0207,0.0037,0.0473,0.0007
S_697,6,0.0294,0.0037,0.0659,0.0009
S_698,6,0.0187,0.0106,0.0625,0.0006
S_699,11,0.0274,0.0009,0.0765,0.0008
S_7,1,0.022,0.0005,0.0575,0.0007
S_70,12,0.02,0.0003,0.039,0.0007
S_700,4,0.03,0.0018,0.0686,0.0009
S_701,6,0.0207,0.0003,0.0598,0.0006
S_702,3,0.022,0.0001,0.0539,0.0007
S_703,4,0.0287,0.0013,0.0686,0.0008
S_704,10,0.018,0.0115,0.0561,0.0006
S_705,4,0.0227,0.0018,0.069,0.0007
S_706,11,0.02,0.0067,0.0787,0.0006
S_707,3,0.0213,0.0006,0.0529,0.0007
S_708,9,0.02,0.0018,0.0473,0.0006
S_709,5,0.0207,0.001,0.0501,0.0006
S_71,1,0.0187,0.0005,0.0541,0.0006
S_710,8,0.0247,0.0003,0.072,0.0007
S_711,3,0.018,0.0106,0.0543,0.0006
S_712,6,0.018,0.0045,0.0654,0.0006
S_713,8,0.026,0.0011,0.0763,0.0008
S_714,4,0.02,0.0006,0.0643,0.0006
S_715,11,0.028,0.0036,0.0759,0.0008
S_716,10,0.0233,0.0178,0.0639,0.0007
S_717,11,0.0247,0.0007,0.0749,0.0007
S_718,3,0.0207,0.0075,0.0592,0.0006
S_719,9,0.0187,0.0044,0.0423,0.0006
S_72,12,0.0187,0.0009,0.0425,0.0006
S_720,8,0.024,0.0011,0.0737,0.0007
S_721,11,0.0254,0.0007,0.0749,0.0007
S_722,8,0.0207,0.0007,0.0723,0.0006
S_723,11,0.0187,0.0134,0.0772,0.0006
S_724,4,0.0227,0.0006,0.0655,0.0007
S_725,10,0.0213,0.0082,0.0615,0.0007
S_726,9,0.0233,0.0203,0.0448,0.0008
S_727,4,0.02,0.0004,0.07,0.0006
S_728,3,0.0254,0.0036,0.059,0.0008
S_729,8,0.0227,0.0004,0.0764,0.0007
S_73,12,0.0193,0.0009,0.0388,0.0006
S_730,5,0.0254,0.0017,0.0474,0.0008
S_731,8,0.0274,0.0015,0.076,0.0008
S_732,6,0.022,0.0029,0.0655,0.0007
S_733,10,0.018,0.0039,0.0605,0.0006
S_734,4,0.0247,0.0003,0.0672,0.0007
S_735,8,0.028,0.0008,0.0738,0.0008
S_736,5,0.022,0.0051,0.0552,0.0007
S_737,11,0.018,0.0005,0.0735,0.0006
S_738,5,0.018,0.003,0.0461,0.0006
S_739,4,0.0274,0.001,0.0708,0.0008
S_74,0,0.0267,0.0002,0.0318,0.0008
S_740,6,0.0193,0.0211,0.069,0.0006
S_741,5,0.0193,0.0009,0.0461,0.0006
S_742,6,0.0247,0.0004,0.0656,0.0007
S_743,3,0.0207,0.0001,0.0567,0.0006
S_744,10,0.024,0.0057,0.0592,0.0007
S_745,4,0.022,0.0008,0.0711,0.0007
S_746,10,0.018,0.0603,0.0578,0.0006
S_747,9,0.0187,0.0007,0.0401,0.0006
S_748,11,0.0227,0.0026,0.0779,0.0007
S_749,11,0.0207,0.0002,0.0765,0.0006
S_75,13,0.0193,0.0,0.0293,0.0006
S_750,5,0.0187,0.0241,0.0503,0.0006
S_751,4,0.0193,0.0009,0.0662,0.0006
S_752,7,0.0227,0.0007,0.0382,0.0007
S_753,11,0.0233,0.0002,0.0746,0.0007
S_754,6,0.0227,0.0036,0.0687,0.0007
S_755,9,0.0193,0.0006,0.0474,0.0006
S_756,10,0.028,0.0006,0.0621,0.0008
S_757,4,0.022,0.0012,0.0718,0.0007
S_758,8,0.0254,0.0005,0.0757,0.0007
S_759,8,0.018,0.0002,0.0705,0.0006
S_76,12,0.02,0.001,0.0388,0.0007
S_760,6,0.0227,0.0011,0.0602,0.0007
S_761,11,0.024,0.0003,0.073,0.0007
S_762,10,0.0213,0.0002,0.0617,0.0007
S_763,6,0.0187,0.0002,0.0674,0.0006
S_764,9,0.0287,0.0008,0.038,0.0009
S_765,4,0.0227,0.0005,0.0709,0.0007
S_766,11,0.0187,0.0004,0.0734,0.0006
S_767,7,0.018,0.005,0.0449,0.0006
S_768,8,0.0207,0.0002,0.0759,0.0006
S_769,10,0.0193,0.0041,0.0614,0.0006
S_77,1,0.0193,0.0011,0.0541,0.0006
S_770,8,0.0213,0.0002,0.0758,0.0007
S_771,6,0.02,0.0061,0.0715,0.0006
S_772,4,0.0187,0.0075,0.0693,0.0006
S_773,4,0.0193,0.0004,0.07,0.0006
S_774,4,0.0187,0.0204,0.0747,0.0006
S_775,6,0.018,0.111,0.0628,0.0006
S_776,6,0.024,0.0003,0.0599,0.0007
S_777,10,0.026,0.0006,0.0573,0.0008
S_778,8,0.0247,0.0004,0.0747,0.0007
S_779,9,0.0213,0.0,0.0363,0.0007
S_78,12,0.0187,0.0006,0.0354,0.0006
S_780,8,0.0207,0.0004,0.0701,0.0006
S_781,6,0.02,0.0003,0.0598,0.0006
S_782,4,0.022,0.0003,0.0654,0.0007
S_783,3,0.028,0.0011,0.0559,0.0008
S_784,4,0.018,0.0007,0.0643,0.0006
S_785,10,0.026,0.0003,0.0621,0.0008
S_786,8,0.026,0.0005,0.072,0.0008
S_787,11,0.024,0.0014,0.0717,0.0007
S_788,8,0.018,0.1075,0.0767,0.0006
S_789,9,0.022,0.0005,0.0449,0.0007
S_79,1,0.0233,0.0003,0.0545,0.0007
S_790,11,0.02,0.0003,0.0742,0.0006
S_791,6,0.018,0.0087,0.0717,0.0006
S_792,4,0.0207,0.0001,0.064,0.0006
S_793,10,0.02,0.0199,0.0609,0.0006
S_794,6,0.0233,0.0039,0.0688,0.0007
S_795,3,0.0187,0.0009,0.0564,0.0006
S_796,8,0.0233,0.0008,0.0757,0.0007
S_797,10,0.026,0.002,0.0574,0.0008
S_798,3,0.0233,0.0039,0.0501,0.0007
S_799,11,0.022,0.0003,0.073,0.0007
S_8,1,0.0193,0.0005,0.0541,0.0006
S_80,13,0.024,0.0,0.0314,0.0007
S_800,8,0.0187,0.0792,0.0782,0.0006
S_801,4,0.0193,0.0003,0.0699,0.0006
S_802,5,0.02,0.0196,0.053,0.0006
S_803,9,0.0193,0.0018,0.0473,0.0006
S_804,9,0.02,0.0,0.0363,0.0006
S_805,3,0.0187,0.0136,0.0515,0.0006
S_806,8,0.02,0.0003,0.0702,0.0006
S_807,11,0.0187,0.0101,0.0795,0.0006
S_808,5,0.0227,0.0014,0.0461,0.0007
S_809,5,0.0213,0.0009,0.0487,0.0007
S_81,0,0.0267,0.001,0.0347,0.0008
S_810,3,0.0233,0.0005,0.0529,0.0007
S_811,3,0.0193,0.0129,0.0592,0.0006
S_812,6,0.0193,0.0004,0.0648,0.0006
S_813,9,0.0193,0.0016,0.0401,0.0006
S_814,9,0.0207,0.0015,0.0426,0.0007
S_815,10,0.0233,0.0077,0.0593,0.0007
S_816,6,0.0247,0.0006,0.0656,0.0007
S_817,6,0.0233,0.0015,0.0715,0.0007
S_818,4,0.022,0.0005,0.0661,0.0007
S_819,6,0.0247,0.0006,0.0656,0.0007
S_82,13,0.0274,0.0002,0.0316,0.0008
S_820,4,0.02,0.0008,0.0643,0.0006
S_821,9,0.0187,0.0007,0.0401,0.0006
S_822,6,0.0254,0.0013,0.0628,0.0008
S_823,11,0.0187,0.0212,0.079,0.0006
S_824,3,0.0187,0.003,0.0559,0.0006
S_825,10,0.0227,0.0006,0.0602,0.0007
S_826,10,0.0233,0.0001,0.0556,0.0007
S_827,10,0.0213,0.0002,0.0573,0.0007
S_828,8,0.0213,0.0011,0.0736,0.0007
S_829,10,0.0213,0.003,0.0605,0.0007
S_83,2,0.024,0.0002,0.0461,0.0007
S_830,10,0.0247,0.0018,0.0561,0.0008
S_831,7,0.0207,0.0021,0.0425,0.0007
S_832,6,0.022,0.0052,0.0625,0.0007
S_833,3,0.022,0.0009,0.0594,0.0007
S_834,10,0.018,0.0089,0.0561,0.0006
S_835,7,0.024,0.0,0.0372,0.0007
S_836,4,0.018,0.0685,0.0735,0.0006
S_837,4,0.0254,0.0016,0.0652,0.0008
S_838,11,0.022,0.0023,0.0791,0.0007
S_839,9,0.0187,0.0007,0.0401,0.0006
S_84,13,0.0247,0.0001,0.0314,0.0007
S_840,11,0.0233,0.0005,0.0772,0.0007
S_841,5,0.0193,0.0001,0.0513,0.0006
S_842,9,0.018,0.0,0.0363,0.0006
S_843,8,0.022,0.0013,0.0736,0.0007
S_844,11,0.0247,0.0087,0.0796,0.0008
S_845,11,0.018,0.0652,0.0778,0.0006
S_846,9,0.018,0.0,0.0363,0.0006
S_847,3,0.022,0.0275,0.0502,0.0007
S_848,3,0.0233,0.0005,0.0529,0.0007
S_849,9,0.0294,0.0017,0.0381,0.0009
S_85,2,0.02,0.001,0.0461,0.0006
S_850,11,0.02,0.0067,0.0788,0.0006
S_851,8,0.0254,0.0005,0.0757,0.0007
S_852,11,0.0213,0.0005,0.0751,0.0007
S_853,11,0.0254,0.0012,0.0772,0.0008
S_854,7,0.02,0.0017,0.0414,0.0006
S_855,9,0.022,0.0055,0.0473,0.0007
S_856,8,0.0187,0.0012,0.07,0.0006
S_857,4,0.0274,0.0009,0.0686,0.0008
S_858,6,0.0187,0.0382,0.0742,0.0006
S_859,9,0.0294,0.0017,0.0381,0.0009
S_86,13,0.0187,0.0,0.0293,0.0006
S_860,7,0.022,0.0,0.0372,0.0007
S_861,8,0.0227,0.0005,0.0764,0.0007
S_862,6,0.0213,0.0002,0.059,0.0007
S_863,10,0.02,0.0084,0.064,0.0006
S_864,10,0.018,0.0218,0.0607,0.0006
S_865,10,0.0247,0.0018,0.0561,0.0008
S_866,5,0.0193,0.0001,0.046,0.0006
S_867,4,0.0213,0.0001,0.0678,0.0007
S_868,5,0.0207,0.0036,0.0461,0.0007
S_869,3,0.0213,0.0006,0.0559,0.0007
S_87,12,0.0227,0.0003,0.0464,0.0007
S_870,8,0.0213,0.0002,0.0751,0.0007
S_871,5,0.0254,0.0028,0.0516,0.0008
S_872,3,0.0213,0.0001,0.0555,0.0007
S_873,10,0.024,0.0005,0.0632,0.0007
S_874,10,0.0207,0.0257,0.0609,0.0006
S_875,11,0.0227,0.0007,0.0766,0.0007
S_876,10,0.0287,0.0024,0.0574,0.0009
S_877,10,0.0213,0.0007,0.0632,0.0007
S_878,3,0.0207,0.0039,0.05,0.0007
S_879,5,0.0193,0.0012,0.0544,0.0006
S_88,1,0.022,0.0001,0.0524,0.0007
S_880,4,0.0207,0.0089,0.0723,0.0006
S_881,6,0.0254,0.0002,0.062,0.0008
S_882,8,0.018,0.002,0.074,0.0006
S_883,7,0.024,0.0014,0.0382,0.0007
S_884,8,0.018,0.0199,0.079,0.0006
S_885,4,0.022,0.0268,0.0708,0.0007
S_886,9,0.0207,0.0007,0.0449,0.0007
S_887,10,0.02,0.0123,0.0648,0.0006
S_888,4,0.024,0.0007,0.0714,0.0007
S_889,8,0.028,0.0008,0.0758,0.0008
S_89,1,0.022,0.0017,0.0538,0.0007
S_890,3,0.0207,0.0001,0.0567,0.0006
S_891,11,0.024,0.0003,0.0715,0.0007
S_892,7,0.0227,0.0034,0.0414,0.0007
S_893,7,0.018,0.0108,0.0425,0.0006
S_894,11,0.0227,0.0026,0.0779,0.0007
S_895,6,0.0267,0.0028,0.0716,0.0008
S_896,3,0.0233,0.0005,0.0529,0.0007
S_897,11,0.022,0.0003,0.0742,0.0007
S_898,9,0.018,0.0358,0.0474,0.0006
S_899,8,0.018,0.0199,0.079,0.0006
S_9,13,0.0227,0.0002,0.0321,0.0007
S_90,1,0.0207,0.0002,0.0527,0.0007
S_900,8,0.0213,0.001,0.0769,0.0007
S_901,11,0.022,0.0001,0.0729,0.0007
S_902,8,0.024,0.0007,0.077,0.0007
S_903,9,0.018,0.0008,0.0449,0.0006
S_904,6,0.0207,0.0037,0.0595,0.0007
S_905,4,0.0213,0.0012,0.069,0.0007
S_906,8,0.0193,0.0008,0.0731,0.0006
S_907,5,0.0213,0.0109,0.0462,0.0007
S_908,10,0.022,0.0002,0.0618,0.0007
S_909,4,0.0247,0.0003,0.0672,0.0007
S_91,1,0.018,0.0015,0.0552,0.0006
S_910,9,0.018,0.0,0.0363,0.0006
S_911,6,0.0213,0.0019,0.0623,0.0007
S_912,4,0.0233,0.0006,0.0714,0.0007
S_913,4,0.02,0.0004,0.0645,0.0006
S_914,11,0.024,0.0005,0.0737,0.0007
S_915,3,0.022,0.0004,0.0567,0.0007
S_916,6,0.02,0.0061,0.0715,0.0006
S_917,9,0.0193,0.0016,0.0401,0.0006
S_918,6,0.0187,0.0002,0.0674,0.0006
S_919,8,0.026,0.0004,0.0737,0.0008
S_92,0,0.0213,0.0,0.0315,0.0006
S_920,8,0.022,0.001,0.0737,0.0007
S_921,6,0.0193,0.0326,0.069,0.0006
S_922,5,0.022,0.0009,0.0487,0.0007
S_923,11,0.0247,0.0007,0.0764,0.0008
S_924,3,0.0267,0.0004,0.0569,0.0008
S_925,8,0.0193,0.0007,0.0738,0.0006
S_926,3,0.0207,0.0001,0.0529,0.0007
S_927,9,0.0187,0.002,0.0401,0.0006
S_928,3,0.0213,0.0003,0.05,0.0007
S_929,3,0.018,0.0062,0.0529,0.0006
S_93,1,0.0233,0.0001,0.0509,0.0007
S_930,8,0.0254,0.0111,0.0793,0.0008
S_931,6,0.018,0.0098,0.0715,0.0006
S_932,11,0.0187,0.0265,0.0783,0.0006
S_933,6,0.0233,0.002,0.0625,0.0007
S_934,8,0.0213,0.0005,0.0701,0.0007
S_935,6,0.0233,0.0015,0.0625,0.0007
S_936,9,0.0187,0.0027,0.0424,0.0006
S_937,8,0.0187,0.0009,0.074,0.0006
S_938,11,0.0187,0.0043,0.0787,0.0006
S_939,9,0.0193,0.0003,0.0403,0.0006
S_94,0,0.018,0.0004,0.0349,0.0006
S_940,8,0.0193,0.0067,0.0773,0.0006
S_941,8,0.0187,0.0123,0.0792,0.0006
S_942,9,0.0207,0.0005,0.045,0.0007
S_943,8,0.0207,0.0003,0.0726,0.0006
S_944,11,0.0187,0.0015,0.0762,0.0006
S_945,6,0.0193,0.0015,0.0715,0.0006
S_946,11,0.0227,0.0003,0.0731,0.0007
S_947,7,0.018,0.0003,0.0414,0.0006
S_948,5,0.0247,0.0064,0.0488,0.0008
S_949,3,0.0187,0.0032,0.0566,0.0006
S_95,2,0.0187,0.0001,0.0487,0.0006
S_950,11,0.02,0.0111,0.0797,0.0006
S_951,11,0.02,0.0009,0.0763,0.0006
S_952,6,0.0193,0.0006,0.0648,0.0006
S_953,11,0.02,0.01,0.077,0.0006
S_954,8,0.0247,0.0004,0.0737,0.0007
S_955,4,0.018,0.0377,0.073,0.0006
S_956,11,0.02,0.0002,0.0739,0.0006
S_957,7,0.02,0.0,0.0363,0.0006
S_958,6,0.0247,0.0004,0.062,0.0007
S_959,3,0.0193,0.0062,0.0543,0.0006
S_96,1,0.0187,0.0007,0.0574,0.0006
S_960,10,0.0213,0.0094,0.0583,0.0007
S_961,4,0.02,0.0001,0.0671,0.0006
S_962,11,0.0227,0.0062,0.0767,0.0007
S_963,9,0.022,0.0039,0.0448,0.0007
S_964,6,0.022,0.0004,0.0627,0.0007
S_965,11,0.0213,0.0012,0.0758,0.0007
S_966,5,0.0247,0.0032,0.0462,0.0008
S_967,8,0.0207,0.0026,0.0782,0.0006
S_968,10,0.022,0.0004,0.0602,0.0007
S_969,7,0.0233,0.0063,0.0403,0.0007
S_97,1,0.018,0.0004,0.0574,0.0006
S_970,7,0.024,0.0,0.0372,0.0007
S_971,11,0.02,0.0005,0.0728,0.0006
S_972,7,0.018,0.0,0.0363,0.0006
S_973,5,0.024,0.0009,0.0474,0.0007
S_974,7,0.026,0.0006,0.0382,0.0008
S_975,8,0.0227,0.001,0.0703,0.0007
S_976,4,0.0193,0.0039,0.0693,0.0006
S_977,3,0.0213,0.0001,0.0555,0.0007
S_978,8,0.0213,0.0005,0.0701,0.0007
S_979,4,0.0233,0.0076,0.0706,0.0007
S_98,12,0.024,0.0016,0.0405,0.0008
S_980,8,0.0227,0.0003,0.0756,0.0007
S_981,4,0.0193,0.0003,0.0699,0.0006
S_982,10,0.024,0.0056,0.0606,0.0007
S_983,10,0.0207,0.0004,0.0586,0.0006
S_984,11,0.022,0.0003,0.0729,0.0007
S_985,8,0.022,0.0002,0.0736,0.0007
S_986,5,0.022,0.0002,0.0473,0.0007
S_987,9,0.018,0.0023,0.0423,0.0006
S_988,5,0.02,0.0021,0.0515,0.0006
S_989,6,0.0187,0.0032,0.062,0.0006
S_99,12,0.02,0.0005,0.0424,0.0006
S_990,3,0.026,0.0003,0.0569,0.0008
S_991,5,0.0193,0.0013,0.0544,0.0006
S_992,10,0.0247,0.0017,0.0574,0.0007
S_993,5,0.018,0.0004,0.0473,0.0006
S_994,7,0.018,0.0234,0.045,0.0006
S_995,10,0.0193,0.0001,0.0571,0.0006
S_996,8,0.018,0.0016,0.0784,0.0006
S_997,8,0.0213,0.0001,0.0704,0.0007
S_998,11,0.0227,0.0002,0.0738,0.0007
S_999,6,0.02,0.0006,0.0693,0.0006
